[
    {
        "name": "fig/http-message-util",
        "version": "1.1.5",
        "version_normalized": "1.1.5.0",
        "source": {
            "type": "git",
            "url": "https://github.com/php-fig/http-message-util.git",
            "reference": "9d94dc0154230ac39e5bf89398b324a86f63f765"
        },
        "dist": {
            "type": "zip",
            "url": "https://api.github.com/repos/php-fig/http-message-util/zipball/9d94dc0154230ac39e5bf89398b324a86f63f765",
            "reference": "9d94dc0154230ac39e5bf89398b324a86f63f765",
            "shasum": ""
        },
        "require": {
            "php": "^5.3 || ^7.0 || ^8.0"
        },
        "suggest": {
            "psr/http-message": "The package containing the PSR-7 interfaces"
        },
        "time": "2020-11-24T22:02:12+00:00",
        "type": "library",
        "extra": {
            "branch-alias": {
                "dev-master": "1.1.x-dev"
            }
        },
        "installation-source": "dist",
        "autoload": {
            "psr-4": {
                "Fig\\Http\\Message\\": "src/"
            }
        },
        "notification-url": "https://packagist.org/downloads/",
        "license": [
            "MIT"
        ],
        "authors": [
            {
                "name": "PHP-FIG",
                "homepage": "https://www.php-fig.org/"
            }
        ],
        "description": "Utility classes and constants for use with PSR-7 (psr/http-message)",
        "keywords": [
            "http",
            "http-message",
            "psr",
            "psr-7",
            "request",
            "response"
        ]
    },
    {
        "name": "psr/http-factory",
        "version": "1.0.1",
        "version_normalized": "1.0.1.0",
        "source": {
            "type": "git",
            "url": "https://github.com/php-fig/http-factory.git",
            "reference": "12ac7fcd07e5b077433f5f2bee95b3a771bf61be"
        },
        "dist": {
            "type": "zip",
            "url": "https://api.github.com/repos/php-fig/http-factory/zipball/12ac7fcd07e5b077433f5f2bee95b3a771bf61be",
            "reference": "12ac7fcd07e5b077433f5f2bee95b3a771bf61be",
            "shasum": ""
        },
        "require": {
            "php": ">=7.0.0",
            "psr/http-message": "^1.0"
        },
        "time": "2019-04-30T12:38:16+00:00",
        "type": "library",
        "extra": {
            "branch-alias": {
                "dev-master": "1.0.x-dev"
            }
        },
        "installation-source": "dist",
        "autoload": {
            "psr-4": {
                "Psr\\Http\\Message\\": "src/"
            }
        },
        "notification-url": "https://packagist.org/downloads/",
        "license": [
            "MIT"
        ],
        "authors": [
            {
                "name": "PHP-FIG",
                "homepage": "http://www.php-fig.org/"
            }
        ],
        "description": "Common interfaces for PSR-7 HTTP message factories",
        "keywords": [
            "factory",
            "http",
            "message",
            "psr",
            "psr-17",
            "psr-7",
            "request",
            "response"
        ]
    },
    {
        "name": "psr/http-message",
        "version": "1.0.1",
        "version_normalized": "1.0.1.0",
        "source": {
            "type": "git",
            "url": "https://github.com/php-fig/http-message.git",
            "reference": "f6561bf28d520154e4b0ec72be95418abe6d9363"
        },
        "dist": {
            "type": "zip",
            "url": "https://api.github.com/repos/php-fig/http-message/zipball/f6561bf28d520154e4b0ec72be95418abe6d9363",
            "reference": "f6561bf28d520154e4b0ec72be95418abe6d9363",
            "shasum": ""
        },
        "require": {
            "php": ">=5.3.0"
        },
        "time": "2016-08-06T14:39:51+00:00",
        "type": "library",
        "extra": {
            "branch-alias": {
                "dev-master": "1.0.x-dev"
            }
        },
        "installation-source": "dist",
        "autoload": {
            "psr-4": {
                "Psr\\Http\\Message\\": "src/"
            }
        },
        "notification-url": "https://packagist.org/downloads/",
        "license": [
            "MIT"
        ],
        "authors": [
            {
                "name": "PHP-FIG",
                "homepage": "http://www.php-fig.org/"
            }
        ],
        "description": "Common interface for HTTP messages",
        "homepage": "https://github.com/php-fig/http-message",
        "keywords": [
            "http",
            "http-message",
            "psr",
            "psr-7",
            "request",
            "response"
        ]
    },
    {
        "name": "ralouphie/getallheaders",
        "version": "3.0.3",
        "version_normalized": "3.0.3.0",
        "source": {
            "type": "git",
            "url": "https://github.com/ralouphie/getallheaders.git",
            "reference": "120b605dfeb996808c31b6477290a714d356e822"
        },
        "dist": {
            "type": "zip",
            "url": "https://api.github.com/repos/ralouphie/getallheaders/zipball/120b605dfeb996808c31b6477290a714d356e822",
            "reference": "120b605dfeb996808c31b6477290a714d356e822",
            "shasum": ""
        },
        "require": {
            "php": ">=5.6"
        },
        "require-dev": {
            "php-coveralls/php-coveralls": "^2.1",
            "phpunit/phpunit": "^5 || ^6.5"
        },
        "time": "2019-03-08T08:55:37+00:00",
        "type": "library",
        "installation-source": "dist",
        "autoload": {
            "files": [
                "src/getallheaders.php"
            ]
        },
        "notification-url": "https://packagist.org/downloads/",
        "license": [
            "MIT"
        ],
        "authors": [
            {
                "name": "Ralph Khattar",
                "email": "ralph.khattar@gmail.com"
            }
        ],
        "description": "A polyfill for getallheaders."
    },
    {
        "name": "slim/psr7",
        "version": "1.3.0",
        "version_normalized": "1.3.0.0",
        "source": {
            "type": "git",
            "url": "https://github.com/slimphp/Slim-Psr7.git",
            "reference": "235d2e5a5ee1ad4b97b96870f37f3091b22fffd7"
        },
        "dist": {
            "type": "zip",
            "url": "https://api.github.com/repos/slimphp/Slim-Psr7/zipball/235d2e5a5ee1ad4b97b96870f37f3091b22fffd7",
            "reference": "235d2e5a5ee1ad4b97b96870f37f3091b22fffd7",
            "shasum": ""
        },
        "require": {
            "fig/http-message-util": "^1.1.4",
            "php": "^7.2 || ^8.0",
            "psr/http-factory": "^1.0",
            "psr/http-message": "^1.0",
            "ralouphie/getallheaders": "^3",
            "symfony/polyfill-php80": "^1.18"
        },
        "provide": {
            "psr/http-factory-implementation": "1.0",
            "psr/http-message-implementation": "1.0"
        },
        "require-dev": {
            "adriansuter/php-autoload-override": "^1.2",
            "ext-json": "*",
            "http-interop/http-factory-tests": "^0.7.0",
            "php-http/psr7-integration-tests": "dev-master",
            "phpstan/phpstan": "^0.12",
            "phpunit/phpunit": "^8.5 || ^9.3",
            "squizlabs/php_codesniffer": "^3.5",
            "weirdan/prophecy-shim": "^1.0 || ^2.0.2"
        },
        "time": "2020-11-28T06:28:46+00:00",
        "type": "library",
        "installation-source": "dist",
        "autoload": {
            "psr-4": {
                "Slim\\Psr7\\": "src"
            }
        },
        "notification-url": "https://packagist.org/downloads/",
        "license": [
            "MIT"
        ],
        "authors": [
            {
                "name": "Josh Lockhart",
                "email": "hello@joshlockhart.com",
                "homepage": "http://joshlockhart.com"
            },
            {
                "name": "Andrew Smith",
                "email": "a.smith@silentworks.co.uk",
                "homepage": "http://silentworks.co.uk"
            },
            {
                "name": "Rob Allen",
                "email": "rob@akrabat.com",
                "homepage": "http://akrabat.com"
            },
            {
                "name": "Pierre Berube",
                "email": "pierre@lgse.com",
                "homepage": "http://www.lgse.com"
            }
        ],
        "description": "Strict PSR-7 implementation",
        "homepage": "https://www.slimframework.com",
        "keywords": [
            "http",
            "psr-7",
            "psr7"
        ]
    },
    {
        "name": "symfony/polyfill-php80",
        "version": "v1.22.1",
        "version_normalized": "1.22.1.0",
        "source": {
            "type": "git",
            "url": "https://github.com/symfony/polyfill-php80.git",
            "reference": "dc3063ba22c2a1fd2f45ed856374d79114998f91"
        },
        "dist": {
            "type": "zip",
            "url": "https://api.github.com/repos/symfony/polyfill-php80/zipball/dc3063ba22c2a1fd2f45ed856374d79114998f91",
            "reference": "dc3063ba22c2a1fd2f45ed856374d79114998f91",
            "shasum": ""
        },
        "require": {
            "php": ">=7.1"
        },
        "time": "2021-01-07T16:49:33+00:00",
        "type": "library",
        "extra": {
            "branch-alias": {
                "dev-main": "1.22-dev"
            },
            "thanks": {
                "name": "symfony/polyfill",
                "url": "https://github.com/symfony/polyfill"
            }
        },
        "installation-source": "dist",
        "autoload": {
            "psr-4": {
                "Symfony\\Polyfill\\Php80\\": ""
            },
            "files": [
                "bootstrap.php"
            ],
            "classmap": [
                "Resources/stubs"
            ]
        },
        "notification-url": "https://packagist.org/downloads/",
        "license": [
            "MIT"
        ],
        "authors": [
            {
                "name": "Ion Bazan",
                "email": "ion.bazan@gmail.com"
            },
            {
                "name": "Nicolas Grekas",
                "email": "p@tchwork.com"
            },
            {
                "name": "Symfony Community",
                "homepage": "https://symfony.com/contributors"
            }
        ],
        "description": "Symfony polyfill backporting some PHP 8.0+ features to lower PHP versions",
        "homepage": "https://symfony.com",
        "keywords": [
            "compatibility",
            "polyfill",
            "portable",
            "shim"
        ]
    }
]
