[
    {
        "name": "nikic/fast-route",
        "version": "v1.3.0",
        "version_normalized": "1.3.0.0",
        "source": {
            "type": "git",
            "url": "https://github.com/nikic/FastRoute.git",
            "reference": "181d480e08d9476e61381e04a71b34dc0432e812"
        },
        "dist": {
            "type": "zip",
            "url": "https://api.github.com/repos/nikic/FastRoute/zipball/181d480e08d9476e61381e04a71b34dc0432e812",
            "reference": "181d480e08d9476e61381e04a71b34dc0432e812",
            "shasum": ""
        },
        "require": {
            "php": ">=5.4.0"
        },
        "require-dev": {
            "phpunit/phpunit": "^4.8.35|~5.7"
        },
        "time": "2018-02-13T20:26:39+00:00",
        "type": "library",
        "installation-source": "dist",
        "autoload": {
            "psr-4": {
                "FastRoute\\": "src/"
            },
            "files": [
                "src/functions.php"
            ]
        },
        "notification-url": "https://packagist.org/downloads/",
        "license": [
            "BSD-3-Clause"
        ],
        "authors": [
            {
                "name": "Nikita Popov",
                "email": "nikic@php.net"
            }
        ],
        "description": "Fast request router for PHP",
        "keywords": [
            "router",
            "routing"
        ]
    },
    {
        "name": "psr/container",
        "version": "1.1.1",
        "version_normalized": "1.1.1.0",
        "source": {
            "type": "git",
            "url": "https://github.com/php-fig/container.git",
            "reference": "8622567409010282b7aeebe4bb841fe98b58dcaf"
        },
        "dist": {
            "type": "zip",
            "url": "https://api.github.com/repos/php-fig/container/zipball/8622567409010282b7aeebe4bb841fe98b58dcaf",
            "reference": "8622567409010282b7aeebe4bb841fe98b58dcaf",
            "shasum": ""
        },
        "require": {
            "php": ">=7.2.0"
        },
        "time": "2021-03-05T17:36:06+00:00",
        "type": "library",
        "installation-source": "dist",
        "autoload": {
            "psr-4": {
                "Psr\\Container\\": "src/"
            }
        },
        "notification-url": "https://packagist.org/downloads/",
        "license": [
            "MIT"
        ],
        "authors": [
            {
                "name": "PHP-FIG",
                "homepage": "https://www.php-fig.org/"
            }
        ],
        "description": "Common Container Interface (PHP FIG PSR-11)",
        "homepage": "https://github.com/php-fig/container",
        "keywords": [
            "PSR-11",
            "container",
            "container-interface",
            "container-interop",
            "psr"
        ]
    },
    {
        "name": "psr/http-factory",
        "version": "1.0.1",
        "version_normalized": "1.0.1.0",
        "source": {
            "type": "git",
            "url": "https://github.com/php-fig/http-factory.git",
            "reference": "12ac7fcd07e5b077433f5f2bee95b3a771bf61be"
        },
        "dist": {
            "type": "zip",
            "url": "https://api.github.com/repos/php-fig/http-factory/zipball/12ac7fcd07e5b077433f5f2bee95b3a771bf61be",
            "reference": "12ac7fcd07e5b077433f5f2bee95b3a771bf61be",
            "shasum": ""
        },
        "require": {
            "php": ">=7.0.0",
            "psr/http-message": "^1.0"
        },
        "time": "2019-04-30T12:38:16+00:00",
        "type": "library",
        "extra": {
            "branch-alias": {
                "dev-master": "1.0.x-dev"
            }
        },
        "installation-source": "dist",
        "autoload": {
            "psr-4": {
                "Psr\\Http\\Message\\": "src/"
            }
        },
        "notification-url": "https://packagist.org/downloads/",
        "license": [
            "MIT"
        ],
        "authors": [
            {
                "name": "PHP-FIG",
                "homepage": "http://www.php-fig.org/"
            }
        ],
        "description": "Common interfaces for PSR-7 HTTP message factories",
        "keywords": [
            "factory",
            "http",
            "message",
            "psr",
            "psr-17",
            "psr-7",
            "request",
            "response"
        ]
    },
    {
        "name": "psr/http-message",
        "version": "1.0.1",
        "version_normalized": "1.0.1.0",
        "source": {
            "type": "git",
            "url": "https://github.com/php-fig/http-message.git",
            "reference": "f6561bf28d520154e4b0ec72be95418abe6d9363"
        },
        "dist": {
            "type": "zip",
            "url": "https://api.github.com/repos/php-fig/http-message/zipball/f6561bf28d520154e4b0ec72be95418abe6d9363",
            "reference": "f6561bf28d520154e4b0ec72be95418abe6d9363",
            "shasum": ""
        },
        "require": {
            "php": ">=5.3.0"
        },
        "time": "2016-08-06T14:39:51+00:00",
        "type": "library",
        "extra": {
            "branch-alias": {
                "dev-master": "1.0.x-dev"
            }
        },
        "installation-source": "dist",
        "autoload": {
            "psr-4": {
                "Psr\\Http\\Message\\": "src/"
            }
        },
        "notification-url": "https://packagist.org/downloads/",
        "license": [
            "MIT"
        ],
        "authors": [
            {
                "name": "PHP-FIG",
                "homepage": "http://www.php-fig.org/"
            }
        ],
        "description": "Common interface for HTTP messages",
        "homepage": "https://github.com/php-fig/http-message",
        "keywords": [
            "http",
            "http-message",
            "psr",
            "psr-7",
            "request",
            "response"
        ]
    },
    {
        "name": "psr/http-server-handler",
        "version": "1.0.1",
        "version_normalized": "1.0.1.0",
        "source": {
            "type": "git",
            "url": "https://github.com/php-fig/http-server-handler.git",
            "reference": "aff2f80e33b7f026ec96bb42f63242dc50ffcae7"
        },
        "dist": {
            "type": "zip",
            "url": "https://api.github.com/repos/php-fig/http-server-handler/zipball/aff2f80e33b7f026ec96bb42f63242dc50ffcae7",
            "reference": "aff2f80e33b7f026ec96bb42f63242dc50ffcae7",
            "shasum": ""
        },
        "require": {
            "php": ">=7.0",
            "psr/http-message": "^1.0"
        },
        "time": "2018-10-30T16:46:14+00:00",
        "type": "library",
        "extra": {
            "branch-alias": {
                "dev-master": "1.0.x-dev"
            }
        },
        "installation-source": "dist",
        "autoload": {
            "psr-4": {
                "Psr\\Http\\Server\\": "src/"
            }
        },
        "notification-url": "https://packagist.org/downloads/",
        "license": [
            "MIT"
        ],
        "authors": [
            {
                "name": "PHP-FIG",
                "homepage": "http://www.php-fig.org/"
            }
        ],
        "description": "Common interface for HTTP server-side request handler",
        "keywords": [
            "handler",
            "http",
            "http-interop",
            "psr",
            "psr-15",
            "psr-7",
            "request",
            "response",
            "server"
        ]
    },
    {
        "name": "psr/http-server-middleware",
        "version": "1.0.1",
        "version_normalized": "1.0.1.0",
        "source": {
            "type": "git",
            "url": "https://github.com/php-fig/http-server-middleware.git",
            "reference": "2296f45510945530b9dceb8bcedb5cb84d40c5f5"
        },
        "dist": {
            "type": "zip",
            "url": "https://api.github.com/repos/php-fig/http-server-middleware/zipball/2296f45510945530b9dceb8bcedb5cb84d40c5f5",
            "reference": "2296f45510945530b9dceb8bcedb5cb84d40c5f5",
            "shasum": ""
        },
        "require": {
            "php": ">=7.0",
            "psr/http-message": "^1.0",
            "psr/http-server-handler": "^1.0"
        },
        "time": "2018-10-30T17:12:04+00:00",
        "type": "library",
        "extra": {
            "branch-alias": {
                "dev-master": "1.0.x-dev"
            }
        },
        "installation-source": "dist",
        "autoload": {
            "psr-4": {
                "Psr\\Http\\Server\\": "src/"
            }
        },
        "notification-url": "https://packagist.org/downloads/",
        "license": [
            "MIT"
        ],
        "authors": [
            {
                "name": "PHP-FIG",
                "homepage": "http://www.php-fig.org/"
            }
        ],
        "description": "Common interface for HTTP server-side middleware",
        "keywords": [
            "http",
            "http-interop",
            "middleware",
            "psr",
            "psr-15",
            "psr-7",
            "request",
            "response"
        ]
    },
    {
        "name": "psr/log",
        "version": "1.1.4",
        "version_normalized": "1.1.4.0",
        "source": {
            "type": "git",
            "url": "https://github.com/php-fig/log.git",
            "reference": "d49695b909c3b7628b6289db5479a1c204601f11"
        },
        "dist": {
            "type": "zip",
            "url": "https://api.github.com/repos/php-fig/log/zipball/d49695b909c3b7628b6289db5479a1c204601f11",
            "reference": "d49695b909c3b7628b6289db5479a1c204601f11",
            "shasum": ""
        },
        "require": {
            "php": ">=5.3.0"
        },
        "time": "2021-05-03T11:20:27+00:00",
        "type": "library",
        "extra": {
            "branch-alias": {
                "dev-master": "1.1.x-dev"
            }
        },
        "installation-source": "dist",
        "autoload": {
            "psr-4": {
                "Psr\\Log\\": "Psr/Log/"
            }
        },
        "notification-url": "https://packagist.org/downloads/",
        "license": [
            "MIT"
        ],
        "authors": [
            {
                "name": "PHP-FIG",
                "homepage": "https://www.php-fig.org/"
            }
        ],
        "description": "Common interface for logging libraries",
        "homepage": "https://github.com/php-fig/log",
        "keywords": [
            "log",
            "psr",
            "psr-3"
        ]
    },
    {
        "name": "slim/slim",
        "version": "4.7.1",
        "version_normalized": "4.7.1.0",
        "source": {
            "type": "git",
            "url": "https://github.com/slimphp/Slim.git",
            "reference": "0905e0775f8c1cfb3bbcfabeb6588dcfd8b82d3f"
        },
        "dist": {
            "type": "zip",
            "url": "https://api.github.com/repos/slimphp/Slim/zipball/0905e0775f8c1cfb3bbcfabeb6588dcfd8b82d3f",
            "reference": "0905e0775f8c1cfb3bbcfabeb6588dcfd8b82d3f",
            "shasum": ""
        },
        "require": {
            "ext-json": "*",
            "nikic/fast-route": "^1.3",
            "php": "^7.2 || ^8.0",
            "psr/container": "^1.0",
            "psr/http-factory": "^1.0",
            "psr/http-message": "^1.0",
            "psr/http-server-handler": "^1.0",
            "psr/http-server-middleware": "^1.0",
            "psr/log": "^1.1"
        },
        "require-dev": {
            "adriansuter/php-autoload-override": "^1.2",
            "ext-simplexml": "*",
            "guzzlehttp/psr7": "^1.7",
            "http-interop/http-factory-guzzle": "^1.0",
            "laminas/laminas-diactoros": "^2.4",
            "nyholm/psr7": "^1.3",
            "nyholm/psr7-server": "^1.0.1",
            "phpspec/prophecy": "^1.12",
            "phpstan/phpstan": "^0.12.58",
            "phpunit/phpunit": "^8.5.13",
            "slim/http": "^1.2",
            "slim/psr7": "^1.3",
            "squizlabs/php_codesniffer": "^3.5",
            "weirdan/prophecy-shim": "^1.0 || ^2.0.2"
        },
        "suggest": {
            "ext-simplexml": "Needed to support XML format in BodyParsingMiddleware",
            "ext-xml": "Needed to support XML format in BodyParsingMiddleware",
            "php-di/php-di": "PHP-DI is the recommended container library to be used with Slim",
            "slim/psr7": "Slim PSR-7 implementation. See https://www.slimframework.com/docs/v4/start/installation.html for more information."
        },
        "time": "2020-12-01T19:41:22+00:00",
        "type": "library",
        "installation-source": "dist",
        "autoload": {
            "psr-4": {
                "Slim\\": "Slim"
            }
        },
        "notification-url": "https://packagist.org/downloads/",
        "license": [
            "MIT"
        ],
        "authors": [
            {
                "name": "Josh Lockhart",
                "email": "hello@joshlockhart.com",
                "homepage": "https://joshlockhart.com"
            },
            {
                "name": "Andrew Smith",
                "email": "a.smith@silentworks.co.uk",
                "homepage": "http://silentworks.co.uk"
            },
            {
                "name": "Rob Allen",
                "email": "rob@akrabat.com",
                "homepage": "http://akrabat.com"
            },
            {
                "name": "Pierre Berube",
                "email": "pierre@lgse.com",
                "homepage": "http://www.lgse.com"
            },
            {
                "name": "Gabriel Manricks",
                "email": "gmanricks@me.com",
                "homepage": "http://gabrielmanricks.com"
            }
        ],
        "description": "Slim is a PHP micro framework that helps you quickly write simple yet powerful web applications and APIs",
        "homepage": "https://www.slimframework.com",
        "keywords": [
            "api",
            "framework",
            "micro",
            "router"
        ]
    }
]
